"0","specification_curve_plot <- function(data,"
"0","                                     outcome = ""outcome"","
"0","                                     outcome_name = ""Outcome"","
"0","                                     plot_title = NULL,"
"0","                                     interval_lower = NULL,"
"0","                                     interval_upper = NULL,"
"0","                                     rank_by = ""rank"","
"0","                                     rank_by_outcome = FALSE,"
"0","                                     relative_height_of_upper_plot = 0.70,"
"0","                                     outcome_cutoff = NULL,"
"0","                                     facet_by = NULL,"
"0","                                     facet_ncol = 2,"
"0","                                     mutate_plots = NULL) {"
"0","  # deps"
"0","  require(dplyr)"
"0","  require(tidyr)"
"0","  require(ggplot2)"
"0","  require(cowplot)"
"0","  require(ggtext)"
"0","  require(rlang)"
"0","  require(grid)"
"0","  "
"0","  # rename outcome/rank"
"0","  data <- data |>"
"0","    rename(outcome = {{outcome}}, rank = {{rank_by}})"
"0","  "
"0","  # intervals"
"0","  if (!is.null(interval_lower))"
"0","    data <- data |> rename(interval_lower = {{interval_lower}})"
"0","  else"
"0","    data$interval_lower <- data$outcome"
"0","  if (!is.null(interval_upper))"
"0","    data <- data |> rename(interval_upper = {{interval_upper}})"
"0","  else"
"0","    data$interval_upper <- data$outcome"
"0","  "
"0","  # optional re-ranking"
"0","  if (rank_by_outcome) {"
"0","    data <- data |> arrange(outcome) |> mutate(rank = dplyr::row_number())"
"0","  }"
"0","  "
"0","  # factorize non-numeric spec columns"
"0","  data <- data |>"
"0","    mutate(across("
"0","      .cols = -c(rank, outcome, interval_lower, interval_upper),"
"0","      .fns = as.factor"
"0","    ))"
"0","  "
"0","  exclude_cols_base <- c(""rank"", ""outcome"", ""interval_lower"", ""interval_upper"")"
"0","  "
"0","  facet_name <- NULL"
"0","  if (!is.null(facet_by)) {"
"0","    facet_sym  <- rlang::ensym(facet_by)"
"0","    facet_name <- rlang::as_name(facet_sym)"
"0","    if (!facet_name %in% names(data))"
"0","      stop(""facet_by column not found in data."")"
"0","  }"
"0","  "
"0","  # build one full multiverse plot; toggle y-titles & left strips"
"0","  build_one <- function(df,"
"0","                        title_text = plot_title,"
"0","                        show_y_titles = TRUE) {"
"0","    p_estimates <- df |>"
"0","      mutate(outcome_name = outcome_name) |>"
"0","      ggplot(aes(rank, outcome)) +"
"0","      geom_linerange(aes(ymin = interval_lower, ymax = interval_upper)) +"
"0","      geom_point(shape = ""circle"", size = 2) +"
"0","      facet_grid("
"0","        outcome_name ~ .,"
"0","        space = ""free_y"","
"0","        scales = ""free_y"","
"0","        switch = ""y"""
"0","      ) +"
"0","      scale_y_continuous(breaks = scales::pretty_breaks()) +"
"0","      scale_x_continuous(NULL, expand = c(.02, .02)) +"
"0","      ylab(if (show_y_titles)"
"0","        ""Simulation results"""
"0","        else"
"0","          NULL) +"
"0","      theme_minimal() +"
"0","      theme("
"0","        legend.position = ""none"","
"0","        axis.line.x = element_blank(),"
"0","        strip.placement = ""outside"","
"0","        strip.background = element_rect(fill = NA, colour = NA),"
"0","        panel.spacing.x = unit(0.15, ""cm""),"
"0","        strip.text.y.left = if (show_y_titles)"
"0","          ggtext::element_markdown("
"0","            angle = 90,"
"0","            face = ""bold"","
"0","            size = 7"
"0","          )"
"0","        else"
"0","          element_blank(),"
"0","        axis.text.y   = element_text("
"0","          angle = 0,"
"0","          hjust = 0.5,"
"0","          size = 6"
"0","        ),"
"0","        axis.title.y  = if (show_y_titles)"
"0","          element_text("
"0","            size = 9,"
"0","            face = ""bold"","
"0","            margin = margin(r = 4)"
"0","          )"
"0","        else"
"0","          element_blank(),"
"0","        panel.spacing = unit(0.25, ""lines""),"
"0","        axis.title.x  = element_blank(),"
"0","        axis.text.x   = element_blank(),"
"0","        axis.ticks.x  = element_blank()"
"0","      )"
"0","    "
"0","    if (!is.null(outcome_cutoff)) {"
"0","      p_estimates <- p_estimates + geom_hline(yintercept = outcome_cutoff, linetype = ""dotted"")"
"0","    }"
"0","    "
"0","    exclude_cols <- exclude_cols_base"
"0","    if (!is.null(facet_name))"
"0","      exclude_cols <- c(exclude_cols, facet_name)"
"0","    "
"0","    p_specs <- df |>"
"0","      tidyr::pivot_longer(cols = -dplyr::all_of(exclude_cols)) |>"
"0","      arrange(rank) |>"
"0","      ggplot(aes("
"0","        x = rank,"
"0","        y = factor(value),"
"0","        color = name"
"0","      )) +"
"0","      geom_point(size = 3.5, shape = ""|"") +  "
"0","      facet_grid(name ~ .,"
"0","                 space = ""free_y"","
"0","                 scales = ""free_y"","
"0","                 switch = ""y"") +"
"0","      guides(color = ""none"") +"
"0","      scale_x_continuous(NULL, expand = c(.02, .02)) +"
"0","      ylab(if (show_y_titles)"
"0","        ""Simulation conditions"""
"0","        else"
"0","          NULL) +"
"0","      theme_minimal() +"
"0","      theme("
"0","        strip.placement  = ""outside"","
"0","        strip.background = element_rect(fill = NA, colour = NA),"
"0","        panel.spacing.x  = unit(0.15, ""cm""),"
"0","        strip.text.y.left = if (show_y_titles)"
"0","          ggtext::element_markdown("
"0","            angle = 90,"
"0","            face = ""bold"","
"0","            size = 7"
"0","          )"
"0","        else"
"0","          element_blank(),"
"0","        axis.text.y   = element_text("
"0","          angle = 0,"
"0","          hjust = 1,"
"0","          size = 6"
"0","        ),"
"0","        axis.title.y  = if (show_y_titles)"
"0","          element_text("
"0","            size = 9,"
"0","            face = ""bold"","
"0","            margin = margin(r = 4)"
"0","          )"
"0","        else"
"0","          element_blank(),"
"0","        panel.spacing = unit(0.25, ""lines""),"
"0","        axis.title.x  = element_blank(),"
"0","        axis.text.x   = element_blank(),"
"0","        axis.ticks.x  = element_blank()"
"0","      ) +"
"0","      scale_color_brewer(palette = ""Dark2"")"
"0","    "
"0","    # NB: enable mutate of plots before finalisation "
"0","    if (is.function(mutate_plots)) {"
"0","      out <- mutate_plots(p_estimates, p_specs)"
"0","      if (inherits(out, ""gg"")) {"
"0","        p_estimates <- out"
"0","      } else if (is.list(out)) {"
"0","        if (length(out) >= 1) p_estimates <- out[[1]]"
"0","        if (length(out) >= 2) p_specs     <- out[[2]]"
"0","      }"
"0","    }"
"0","    "
"0","    # align all plot text asset left widths exactly "
"0","    g_est <- ggplotGrob(p_estimates)"
"0","    g_spc <- ggplotGrob(p_specs)"
"0","    max_w <- unit.pmax(g_est$widths, g_spc$widths)"
"0","    g_est$widths <- max_w"
"0","    g_spc$widths <- max_w"
"0","    "
"0","    combo <- cowplot::plot_grid("
"0","      g_est,"
"0","      g_spc,"
"0","      axis = ""bltr"","
"0","      align = ""v"","
"0","      ncol = 1,"
"0","      rel_heights = c(relative_height_of_upper_plot, 1)"
"0","    )"
"0","    if (!is.null(title_text)) {"
"0","      title_grob <- cowplot::ggdraw() +"
"0","        cowplot::draw_label("
"0","          title_text,"
"0","          x = 0.5,"
"0","          hjust = 0.5,"
"0","          y = 0.5, # adjusted"
"0","          vjust = 0.5, #adjusted"
"0","          fontface = ""bold"""
"0","        )"
"0","      combo <- cowplot::plot_grid(title_grob,"
"0","                                  combo,"
"0","                                  ncol = 1,"
"0","                                  rel_heights = c(0.12, 1)) # Adjusted"
"0","    }"
"0","    combo"
"0","  }"
"0","  "
"0","  # if no faceting, show labels"
"0","  if (is.null(facet_by)) {"
"0","    return(build_one(data, plot_title, show_y_titles = TRUE))"
"0","  }"
"0","  "
"0","  # faceted: only leftmost plots in each row show y text"
"0","  facet_vals <- if (is.factor(data[[facet_name]]))"
"0","    levels(droplevels(data[[facet_name]]))"
"0","  else"
"0","    unique(data[[facet_name]])"
"0","  "
"0","  plotlist <- lapply(seq_along(facet_vals), function(i) {"
"0","    v  <- facet_vals[i]"
"0","    df <- dplyr::filter(data, .data[[facet_name]] == v)"
"0","    if (nrow(df) == 0)"
"0","      return(NULL)"
"0","    local_title <- if (!is.null(plot_title))"
"0","      paste0(plot_title, "": "", v)"
"0","    else"
"0","      paste0(facet_name, "": "", v)"
"0","    is_left_col <- ((i - 1) %% facet_ncol) == 0"
"0","    build_one(df, local_title, show_y_titles = is_left_col)"
"0","  })"
"0","  plotlist <- Filter(Negate(is.null), plotlist)"
"0","  "
"0","  cowplot::plot_grid(plotlist = plotlist,"
"0","                     ncol = facet_ncol,"
"0","                     align = ""hv"")"
"0","}"
