"0","specification_curve_plot_with_shading <- function(data,"
"0","                                                  outcome = ""outcome"","
"0","                                                  outcome_name = ""Outcome"","
"0","                                                  plot_title = NULL,"
"0","                                                  interval_lower = NULL,"
"0","                                                  interval_upper = NULL,"
"0","                                                  rank_by = ""rank"","
"0","                                                  rank_by_outcome = FALSE,"
"0","                                                  relative_height_of_upper_plot = 0.70,"
"0","                                                  outcome_cutoff = NULL,"
"0","                                                  facet_by = NULL,"
"0","                                                  facet_ncol = 2,"
"0","                                                  shade_lower = NULL,"
"0","                                                  shade_upper = NULL,"
"0","                                                  shade_fill_by = NULL,"
"0","                                                  shade_values = NULL,"
"0","                                                  shade_alpha = 0.5,"
"0","                                                  shade_fill_constant = ""red"","
"0","                                                  mutate_plots = NULL) {"
"0","  require(dplyr)"
"0","  require(tidyr)"
"0","  require(ggplot2)"
"0","  require(cowplot)"
"0","  require(ggtext)"
"0","  require(rlang)"
"0","  require(grid)"
"0","  "
"0","  data <- data |>"
"0","    rename(outcome = {{outcome}}, rank = {{rank_by}})"
"0","  "
"0","  if (!is.null(interval_lower))"
"0","    data <- data |> rename(interval_lower = {{interval_lower}})"
"0","  else"
"0","    data$interval_lower <- data$outcome"
"0","  if (!is.null(interval_upper))"
"0","    data <- data |> rename(interval_upper = {{interval_upper}})"
"0","  else"
"0","    data$interval_upper <- data$outcome"
"0","  "
"0","  if (rank_by_outcome)"
"0","    data <- data |> arrange(outcome) |> mutate(rank = dplyr::row_number())"
"0","  "
"0","  keep_num <- c(""rank"", ""outcome"", ""interval_lower"", ""interval_upper"")"
"0","  if (!is.null(shade_lower))"
"0","    keep_num <- c(keep_num, as_name(ensym(shade_lower)))"
"0","  if (!is.null(shade_upper))"
"0","    keep_num <- c(keep_num, as_name(ensym(shade_upper)))"
"0","  "
"0","  data <- data |> mutate(across(.cols = -all_of(keep_num), .fns = as.factor))"
"0","  exclude_cols_base <- keep_num"
"0","  "
"0","  facet_name <- NULL"
"0","  if (!is.null(facet_by)) {"
"0","    facet_sym  <- ensym(facet_by)"
"0","    facet_name <- as_name(facet_sym)"
"0","    if (!facet_name %in% names(data))"
"0","      stop(""facet_by column not found in data."")"
"0","  }"
"0","  "
"0","  # specify column that controls fill (will be facet)"
"0","  if (!is.null(shade_fill_by)) {"
"0","    fill_name <- as_name(ensym(shade_fill_by))"
"0","  } else {"
"0","    fill_name <- facet_name"
"0","  }"
"0","  if (!is.null(fill_name))"
"0","    exclude_cols_base <- c(exclude_cols_base, fill_name)"
"0","  "
"0","  # resolve global fill levels & colors (so colors are consistent across facets)"
"0","  fill_levels <- if (!is.null(fill_name))"
"0","    levels(droplevels(as.factor(data[[fill_name]])))"
"0","  else"
"0","    NULL"
"0","  resolved_fill <- NULL"
"0","  if (!is.null(fill_levels) && !is.null(shade_values)) {"
"0","    if (!is.null(names(shade_values)) &&"
"0","        any(nzchar(names(shade_values)))) {"
"0","      resolved_fill <- shade_values[fill_levels]"
"0","    } else {"
"0","      resolved_fill <- rep(shade_values, length.out = length(fill_levels))"
"0","      names(resolved_fill) <- fill_levels"
"0","    }"
"0","  }"
"0","  "
"0","  build_one <- function(df,"
"0","                        title_text = plot_title,"
"0","                        show_y_titles = TRUE) {"
"0","    p_estimates <- df |>"
"0","      mutate(outcome_name = outcome_name) |>"
"0","      ggplot(aes(rank, outcome))"
"0","    "
"0","    # shaded band behind points/intervals"
"0","    if (!is.null(shade_lower) && !is.null(shade_upper)) {"
"0","      lower_sym <- ensym(shade_lower)"
"0","      upper_sym <- ensym(shade_upper)"
"0","      "
"0","      band <- df |>"
"0","        summarise("
"0","          ymin = dplyr::first(!!lower_sym),"
"0","          ymax = dplyr::first(!!upper_sym),"
"0","          .groups = ""drop"""
"0","        )"
"0","      "
"0","      if (!is.null(fill_name) && fill_name %in% names(df)) {"
"0","        band$.__fill <- dplyr::first(df[[fill_name]])"
"0","        p_estimates <- p_estimates +"
"0","          geom_rect("
"0","            data = band,"
"0","            aes("
"0","              xmin = -Inf,"
"0","              xmax = Inf,"
"0","              ymin = ymin,"
"0","              ymax = ymax,"
"0","              fill = .__fill"
"0","            ),"
"0","            alpha = shade_alpha,"
"0","            inherit.aes = FALSE,"
"0","            show.legend = FALSE"
"0","          )"
"0","        if (!is.null(resolved_fill)) {"
"0","          p_estimates <- p_estimates + scale_fill_manual(values = resolved_fill, guide = ""none"")"
"0","        }"
"0","      } else {"
"0","        p_estimates <- p_estimates +"
"0","          geom_rect("
"0","            data = band,"
"0","            aes("
"0","              xmin = -Inf,"
"0","              xmax = Inf,"
"0","              ymin = ymin,"
"0","              ymax = ymax"
"0","            ),"
"0","            fill = shade_fill_constant,"
"0","            alpha = shade_alpha,"
"0","            inherit.aes = FALSE,"
"0","            show.legend = FALSE"
"0","          )"
"0","      }"
"0","      # ensure band is within the y-scale"
"0","      p_estimates <- p_estimates + expand_limits(y = c(band$ymin, band$ymax))"
"0","    }"
"0","    "
"0","    p_estimates <- p_estimates +"
"0","      geom_linerange(aes(ymin = interval_lower, ymax = interval_upper)) +"
"0","      geom_point(shape = ""circle"", size = 2) +"
"0","      facet_grid("
"0","        outcome_name ~ .,"
"0","        space = ""free_y"","
"0","        scales = ""free_y"","
"0","        switch = ""y"""
"0","      ) +"
"0","      scale_y_continuous(breaks = scales::pretty_breaks()) +"
"0","      scale_x_continuous(NULL, expand = c(.02, .02)) +"
"0","      ylab(if (show_y_titles)"
"0","        ""Simulation results"""
"0","        else"
"0","          NULL) +"
"0","      theme_minimal() +"
"0","      theme("
"0","        legend.position   = ""none"","
"0","        axis.line.x       = element_blank(),"
"0","        strip.placement   = ""outside"","
"0","        strip.background  = element_rect(fill = NA, colour = NA),"
"0","        panel.spacing.x   = unit(0.15, ""cm""),"
"0","        strip.text.y.left = if (show_y_titles)"
"0","          ggtext::element_markdown("
"0","            angle = 90,"
"0","            face = ""bold"","
"0","            size = 7"
"0","          )"
"0","        else"
"0","          element_blank(),"
"0","        axis.text.y       = element_text("
"0","          angle = 0,"
"0","          hjust = 0.5,"
"0","          size = 6"
"0","        ),"
"0","        axis.title.y      = if (show_y_titles)"
"0","          element_text("
"0","            size = 9,"
"0","            face = ""bold"","
"0","            margin = margin(r = 4)"
"0","          )"
"0","        else"
"0","          element_blank(),"
"0","        panel.spacing     = unit(0.25, ""lines""),"
"0","        axis.title.x      = element_blank(),"
"0","        axis.text.x       = element_blank(),"
"0","        axis.ticks.x      = element_blank()"
"0","      )"
"0","    "
"0","    if (!is.null(outcome_cutoff)) {"
"0","      p_estimates <- p_estimates + geom_hline(yintercept = outcome_cutoff, linetype = ""dotted"")"
"0","    }"
"0","    "
"0","    exclude_cols <- exclude_cols_base"
"0","    if (!is.null(facet_name))"
"0","      exclude_cols <- c(exclude_cols, facet_name)"
"0","    "
"0","    p_specs <- df |>"
"0","      tidyr::pivot_longer(cols = -dplyr::all_of(exclude_cols)) |>"
"0","      arrange(rank) |>"
"0","      ggplot(aes("
"0","        x = rank,"
"0","        y = factor(value),"
"0","        color = name"
"0","      )) +"
"0","      geom_point(size = 3.5, shape = ""|"") +"
"0","      facet_grid(name ~ .,"
"0","                 space = ""free_y"","
"0","                 scales = ""free_y"","
"0","                 switch = ""y"") +"
"0","      guides(color = ""none"") +"
"0","      scale_x_continuous(NULL, expand = c(.02, .02)) +"
"0","      ylab(if (show_y_titles)"
"0","        ""Simulation conditions"""
"0","        else"
"0","          NULL) +"
"0","      theme_minimal() +"
"0","      theme("
"0","        strip.placement   = ""outside"","
"0","        strip.background  = element_rect(fill = NA, colour = NA),"
"0","        panel.spacing.x   = unit(0.15, ""cm""),"
"0","        strip.text.y.left = if (show_y_titles)"
"0","          ggtext::element_markdown("
"0","            angle = 90,"
"0","            face = ""bold"","
"0","            size = 7"
"0","          )"
"0","        else"
"0","          element_blank(),"
"0","        axis.text.y       = element_text("
"0","          angle = 0,"
"0","          hjust = 1,"
"0","          size = 6"
"0","        ),"
"0","        axis.title.y      = if (show_y_titles)"
"0","          element_text("
"0","            size = 9,"
"0","            face = ""bold"","
"0","            margin = margin(r = 4)"
"0","          )"
"0","        else"
"0","          element_blank(),"
"0","        panel.spacing     = unit(0.25, ""lines""),"
"0","        axis.title.x      = element_blank(),"
"0","        axis.text.x       = element_blank(),"
"0","        axis.ticks.x      = element_blank()"
"0","      ) +"
"0","      scale_color_brewer(palette = ""Dark2"")"
"0","    "
"0","    if (is.function(mutate_plots)) {"
"0","      out <- mutate_plots(p_estimates, p_specs, df)"
"0","      if (inherits(out, ""gg"")) {"
"0","        p_estimates <- out"
"0","      } else if (is.list(out)) {"
"0","        if (length(out) >= 1)"
"0","          p_estimates <- out[[1]]"
"0","        if (length(out) >= 2)"
"0","          p_specs     <- out[[2]]"
"0","      }"
"0","    }"
"0","    "
"0","    g_est <- ggplotGrob(p_estimates)"
"0","    g_spc <- ggplotGrob(p_specs)"
"0","    max_w <- unit.pmax(g_est$widths, g_spc$widths)"
"0","    g_est$widths <- max_w"
"0","    g_spc$widths <- max_w"
"0","    "
"0","    combo <- cowplot::plot_grid("
"0","      g_est,"
"0","      g_spc,"
"0","      axis = ""bltr"","
"0","      align = ""v"","
"0","      ncol = 1,"
"0","      rel_heights = c(relative_height_of_upper_plot, 1)"
"0","    )"
"0","    if (!is.null(title_text)) {"
"0","      title_grob <- cowplot::ggdraw() +"
"0","        cowplot::draw_label("
"0","          title_text,"
"0","          x = 0.5,"
"0","          hjust = 0.5,"
"0","          y = 0.5, # Adjusted"
"0","          vjust = 0.5, # Adjusted"
"0","          fontface = ""bold"""
"0","        )"
"0","      combo <- cowplot::plot_grid(title_grob,"
"0","                                  combo,"
"0","                                  ncol = 1,"
"0","                                  rel_heights = c(0.12, 1)) # Adjusted"
"0","    }"
"0","    combo"
"0","  }"
"0","  "
"0","  if (is.null(facet_by))"
"0","    return(build_one(data, plot_title, show_y_titles = TRUE))"
"0","  "
"0","  facet_vals <- if (is.factor(data[[facet_name]]))"
"0","    levels(droplevels(data[[facet_name]]))"
"0","  else"
"0","    unique(data[[facet_name]])"
"0","  plotlist <- lapply(seq_along(facet_vals), function(i) {"
"0","    v  <- facet_vals[i]"
"0","    df <- dplyr::filter(data, .data[[facet_name]] == v)"
"0","    if (nrow(df) == 0)"
"0","      return(NULL)"
"0","    local_title <- if (!is.null(plot_title))"
"0","      paste0(plot_title, "": "", v)"
"0","    else"
"0","      paste0(facet_name, "": "", v)"
"0","    is_left_col <- ((i - 1) %% facet_ncol) == 0"
"0","    build_one(df, local_title, show_y_titles = is_left_col)"
"0","  })"
"0","  plotlist <- Filter(Negate(is.null), plotlist)"
"0","  "
"0","  cowplot::plot_grid(plotlist = plotlist,"
"0","                     ncol = facet_ncol,"
"0","                     align = ""hv"")"
"0","}"
